<?xml version="1.0" encoding="UTF-8"?>
<!DOCTYPE suite SYSTEM "http://testng.org/testng-1.0.dtd">
<suite name="RegressionSuite" thread-count="3" parallel="classes">

	<listeners>
		<listener class-name="com.qa.reports.ExtentReporterNG"></listener>
		<listener
			class-name="com.qa.utilities.AnnotationTransformer"></listener>
	</listeners>

	<test name="Testing">
		<!-- <groups> <run> <exclude name = "Functionality" /> </run> </groups> -->
		<classes>
			<!-- class name="com.qa.testcases.CountryTestCases"></class>-->
			<class name="com.qa.testcases.DatecompareTestcases">
			<methods>
               <include name="TC001_VerifyDate" />
               <include name="TC002_VerifyCountry" />
            </methods>
			</class>
			
		</classes>
	</test> <!-- Test -->
</suite> <!-- Suite -->